"Variable / Field Name","Form Name","Section Header","Field Type","Field Label","Choices, Calculations, OR Slider Labels","Field Note","Text Validation Type OR Show Slider Number","Text Validation Min","Text Validation Max",Identifier?,"Branching Logic (Show field only if...)","Required Field?","Custom Alignment","Question Number (surveys only)","Matrix Group Name","Matrix Ranking?","Field Annotation"
dax_project,general,,text,"Project ID on XNAT:",,,,,,,,,,,,,
dax_settings_full_path,general,Path:,text,"Settings path:",,XNAT,,,,,,,,,,,
dax_tmp_directory,general,,text,"Temp Directory for data:",,PATH,,,,,,,,,,,
dax_logs_path,general,,text,"Dax Logs folder:",,"Default: ~/Xnat_management/DAXLogs/projectID/",,,,,,,,,,,
dax_cluster_user,general,"ACCRE information:",text,"Accre User running dax:",,"E.G: masispider",,,,,,,,,,,
dax_gateway,general,,text,"Gateway on accre:",,"E.G: poplar",,,,,,,,,,,
dax_proj_order,general,"Dax parameters: ",text,"Project Priority: ",,,,,,,,,,,,,
dax_queue_limit,general,,text,"Job Queue limit Size: ",,"Default: 400",,,,,,,,,,,
dax_job_email_options,general,,text,"Job email options :",,,,,,,,,,,,,
dax_max_age,general,,text,"Maximun Age for a session before being reset (format: integer, number of days):",,"Default: 7",,,,,,,,,,,
dax_email_address,general,Admin:,text,"Email address of admin for this project: ",,@vanderbilt.edu,,,,,,,,,,,
dax_cluster_email,general,,text,"Email address for job on cluster:",,@vanderbilt.edu,,,,,,,,,,,
dax_build_start_date,general,"Last dax_build information:",text,"dax_build Last starting date:",,"format: Y-M-D H:M:S",,,,,,,,,,,
dax_build_end_date,general,,text,"dax_build Last ending date:",,"format: Y-M-D H:M:S",,,,,,,,,,,
dax_build_pid,general,,text,"PID for last dax_build:",,,,,,,,,,,,,
dax_update_tasks_start_date,general,"Last dax_update_tasks information:",text,"dax_update_tasks Last starting date:",,"format: Y-M-D H:M:S",,,,,,,,,,,
dax_update_tasks_end_date,general,,text,"dax_update_tasks Last ending date:",,"format: Y-M-D H:M:S",,,,,,,,,,,
dax_update_tasks_pid,general,,text,"PID for last dax_update_tasks:",,,,,,,,,,,,,
dax_launch_start_date,general,"Last dax_launch information:",text,"dax_launch Last starting date:",,"format: Y-M-D H:M:S",,,,,,,,,,,
dax_launch_end_date,general,,text,"dax_launch Last ending date:",,"format: Y-M-D H:M:S",,,,,,,,,,,
dax_launch_pid,general,,text,"PID for last dax_launch:",,"format: Y-M-D H:M:S",,,,,,,,,,,
auto_archive_on,module_auto_archive,"Module on/off:",yesno,"Auto Archiving:",,,,,,,,,,,,,
auto_archive_inputs,module_auto_archive,"Module parameters:",descriptive,"To use the Auto Archive module, you need to create a separate REDCap project where you store a record for each MR session. The field names you use in this separate REDCap are entered below.",,,,,,,,,,,,,
auto_archive_mod_name,module_auto_archive,,text,"Module Name:",,"Default: Module_Auto_Archive",,,,,,,,,,,
auto_archive_api_key,module_auto_archive,,text,Key:,,"enviroment variable containing the key",,,,,,,,,,,
auto_archive_rc_proj_field,module_auto_archive,,text,"Project Field Name:",,,,,,,,,,,,,
auto_archive_rc_subj_field,module_auto_archive,,text,"Subject Field Name:",,,,,,,,,,,,,
auto_archive_rc_sess_field,module_auto_archive,,text,"Session Field Name:",,,,,,,,,,,,,
auto_archive_rc_date_field,module_auto_archive,,text,"Date Field Name:",,,,,,,,,,,,,
auto_archive_rc_vuiis_field,module_auto_archive,,text,"VUIIS Session ID Field Name:",,,,,,,,,,,,,
auto_archive_rc_subj_event,module_auto_archive,,text,"Subject Event Name:",,,,,,,,,,,,,
auto_archive_rc_sess_event,module_auto_archive,,text,"Session Event Name:",,,,,,,,,,,,,
auto_archive_pre_proj_filter,module_auto_archive,,text,"Prearchive Project Name:",,,,,,,,,,,,,
auto_archive_arc_proj_filter,module_auto_archive,,text,"Archive Project Name:",,,,,,,,,,,,,
auto_archive_email,module_auto_archive,,text,"Email address for errors:",,,,,,,,,,,,,
auto_archive_proj_map,module_auto_archive,,text,"Project Map:",,,,,,,,,,,,,
set_scan_type_on,module_set_scan_type,"Module on/off:",yesno,"Set the scan types:",,,,,,,,,,,,,
set_scan_type_mod_name,module_set_scan_type,"Module parameters:",text,"Module Name:",,"Default: Module_Set_Scan_Type",,,,,"[set_scan_type_on] = '1'",,,,,,
set_scan_type_scantype_file,module_set_scan_type,,text,"Scan type file path:",,PATH,,,,,"[set_scan_type_on] = '1'",,,,,,
set_scan_type_email,module_set_scan_type,,text,"Email Address for Error:",,,,,,,"[set_scan_type_on] = '1'",,,,,,
dcm2nii_phillips_on,module_dcm2nii_phillips,"Module on/off:",yesno,"dcm2nii for phillips data:",,,,,,,,,,,,,
dcm2nii_phillips_mod_name,module_dcm2nii_phillips,"Module parameters:",text,"Module Name:",,"Default: Module_dcm2nii_phillips",,,,,"[dcm2nii_phillips_on] = '1'",,,,,,
dcm2nii_phillips_avoid_scans_type,module_dcm2nii_phillips,,text,"Avoid Scan Type (will not be converted):",,"E.G: 'Survey,vuSuperPACSExportExam'",,,,,"[dcm2nii_phillips_on] = '1'",,,,,,
dcm2nii_phillips_email,module_dcm2nii_phillips,,text,"Email Address for error:",,,,,,,"[dcm2nii_phillips_on] = '1'",,,,,,
dcm2parrec_philips_on,module_dcm2parrec_philips,"Module on/off:",yesno,"Module dcm2parrec philips on",,,,,,,,,,,,,
dcm2parrec_philips_mod_name,module_dcm2parrec_philips,,text,"Module name",,"Default: Module_dcm2parrec_philips",,,,,"[dcm2parrec_philips_on] = '1'",,,,,,
dcm2parrec_philips_avoid_scans_type,module_dcm2parrec_philips,"Module Parameters:",text,"Avoid Scan Type(will not be converted):",,,,,,,"[dcm2parrec_philips_on] = '1'",,,,,,
dcm2parrec_philips_email,module_dcm2parrec_philips,,text,"Email Address for error:",,,,,,,"[dcm2parrec_philips_on] = '1'",,,,,,
dcm2nii_on,module_dcm2nii,"Module on/off:",yesno,"dcm2nii (non-phillips data):",,,,,,,,,,,,,
dcm2nii_mod_name,module_dcm2nii,"Module parameters:",text,"Module Name:",,"Default: Module_dcm2nii",,,,,"[dcm2nii_on] = '1'",,,,,,
dcm2nii_email,module_dcm2nii,,text,"Email Address for Error:",,,,,,,"[dcm2nii_on] = '1'",,,,,,
dcm2nii_dcm2niipath,module_dcm2nii,,text," dcm2nii path:",,"Default: /scratch/mcr/mricron",,,,,"[dcm2nii_on] = '1'",,,,,,
dcm2nii_dcmdjpegpath,module_dcm2nii,,text," dcmjpeg path:",,"Default: /usr/local/dcmtk/latest/x86_64/gcc46/nonet/bin",,,,,"[dcm2nii_on] = '1'",,,,,,
parrec2nii_on,module_parrec2nii,"Module on/off:",yesno,"parrec2nii (phillips data): ",,,,,,,,,,,,,
parrec2nii_mod_name,module_parrec2nii,"Module parameters:",text,"Module Name:",,"Default: Module_parrec2nii",,,,,"[parrec2nii_on] = '1'",,,,,,
parrec2nii_avoid_scans_type,module_parrec2nii,,text,"Avoid Scan Types (will not be converted): ",,,,,,,"[parrec2nii_on] = '1'",,,,,,
parrec2nii_email,module_parrec2nii,,text,"Email Address for Error:",,,,,,,"[parrec2nii_on] = '1'",,,,,,
fmri_conn_on,module_fmri_conn,,yesno,"Module on?",,,,,,,,,,,,,
fmri_conn_mod_name,module_fmri_conn,,text,"Module name",,"Default: Module_Set_Fmri_connectivity_Variables",,,,,"[fmri_conn_on] = '1'",,,,,,
fmri_conn_json_object,module_fmri_conn,,text,"json string object of variables to set",,,,,,,"[fmri_conn_on] = '1'",,,,,,
fmri_conn_scan_types,module_fmri_conn,,text,"scan types",,,,,,,"[fmri_conn_on] = '1'",,,,,,
fmri_conn_directory,module_fmri_conn,,text,"tmp directory",,,,,,,"[fmri_conn_on] = '1'",,,,,,
fmri_conn_email,module_fmri_conn,,text,"email on error",,,,,,,"[fmri_conn_on] = '0'",,,,,,
extract_physlog_on,module_extract_physlog,"Module on/off:",yesno,"Extract physlog:",,,,,,,,,,,,,
extract_physlog_mod_name,module_extract_physlog,"Module parameters: ",text,"Module Name:",,"Default: Module_Extract_physlog",,,,,"[extract_physlog_on] = '1'",,,,,,
extract_physlog_email,module_extract_physlog,,text,"Email Address for Error:",,,,,,,"[extract_physlog_on] = '1'",,,,,,
preview_nifti_on,module_preview_nifti,"Module on/off:",yesno,"Preview from resources:",,,,,,,,,,,,,
preview_nifti_mod_name,module_preview_nifti,"Module parameters:",text,"Module Name:",,"Default: Module_Preview_NIFTI",,,,,"[preview_nifti_on] = '1'",,,,,,
preview_nifti_resourcename,module_preview_nifti,,text,"Resource Name (generate the preview from this resource):",,"Default: NIFTI",,,,,"[preview_nifti_on] = '1'",,,,,,
preview_nifti_email,module_preview_nifti,,text,"Email Address for Error:",,,,,,,"[preview_nifti_on] = '1'",,,,,,
sync_redcap_on,module_sync_redcap,"Module on/off:",yesno,"Sync REDCap:",,,,,,,,,,,,,
sync_redcap_mod_name,module_sync_redcap,"Module parameters:",text,"Module Name:",,"Default: Module_Sync_REDCap",,,,,"[sync_redcap_on] = '1'",,,,,,
sync_redcap_email,module_sync_redcap,,text,"Email Address for Error:",,,,,,,"[sync_redcap_on] = '1'",,,,,,
sync_redcap_api_url,module_sync_redcap,,text,"API URL: ",,,,,,,"[sync_redcap_on] = '1'",,,,,,
sync_redcap_api_key,module_sync_redcap,,text,"API Key:",,,,,,,"[sync_redcap_on] = '1'",,,,,,
sync_redcap_process_list,module_sync_redcap,,text,"Processes type list: ",,"List of proctypes (without version) (e.g: fMRIQA,dtiQA,TRACULA)",,,,,"[sync_redcap_on] = '1'",,,,,,
sync_redcap_version,module_sync_redcap,,text,Version:,,,,,,,"[sync_redcap_on] = '1'",,,,,,
sync_redcap_maininstrument,module_sync_redcap,,text,"Main Instrument name: ",,,,,,,"[sync_redcap_on] = '1'",,,,,,
t1_skull_strip_on,module_t1_skull_strip,"Module on/off:",yesno,"T1 skull stripping:",,,,,,,,,,,,,
t1_skull_strip_mod_name,module_t1_skull_strip,"Module parameters:",text,"Module Name:",,"Default: Module_T1_skull_strip",,,,,"[t1_skull_strip_on] = '1'",,,,,,
t1_skull_strip_email,module_t1_skull_strip,,text,"Email address for error/warning:",,,,,,,"[t1_skull_strip_on] = '1'",,,,,,
t1_skull_strip_scan_types,module_t1_skull_strip,,text,"Scan Structural Type:",,"Default: T1,t1,MPRAGE,mprage,T1_SPGR,t1_spgr",,,,,"[t1_skull_strip_on] = '1'",,,,,,
t1_skull_strip_upload_resource_name,module_t1_skull_strip,,text,"Output Resource Name:",,"Default: NIFTI_noskull",,,,,"[t1_skull_strip_on] = '1'",,,,,,
process_rois_on,module_process_rois,,yesno,"Process ROIs Module on",,,,,,,,,,,,,
process_rois_mod_name,module_process_rois,,text,"Module Name: ",,"Default: Module_Process_ROIs",,,,,"[process_rois_on] = '1'",,,,,,
process_rois_na_scan_types,module_process_rois,,text,"Sodium scan types",,,,,,,"[process_rois_on] = '1'",,,,,,
process_rois_roi_scan_types,module_process_rois,,text,"DIXON scan types",,,,,,,"[process_rois_on] = '1'",,,,,,
process_rois_spmdir,module_process_rois,,text,spmdir,,,,,,,"[process_rois_on] = '1'",,,,,,
process_rois_apikey,module_process_rois,,text,"API key variable name in bashrc",,,,,,,"[process_rois_on] = '1'",,,,,,
process_rois_apiurl,module_process_rois,,text,"API URL ",,,,,,,"[process_rois_on] = '1'",,,,,,
process_rois_directory,module_process_rois,,text,directory,,,,,,,"[process_rois_on] = '1'",,,,,,
process_rois_email,module_process_rois,,text,"email on error",,,,,,,,,,,,,
autoseg_leg_on,module_autoseg_leg,,yesno,"Module Autoseg Leg On?",,,,,,,,,,,,,
autoseg_leg_mod_name,module_autoseg_leg,,text,"Default Module",,"Default: Module_Autoseg_Leg",,,,,"[autoseg_leg_on] = '1'",,,,,,
autoseg_leg_directory,module_autoseg_leg,,text,"Temp Directory",,,,,,,"[autoseg_leg_on] = '1'",,,,,,
autoseg_leg_pd_scan_types,module_autoseg_leg,,text,"PD Scan Types",,,,,,,"[autoseg_leg_on] = '1'",,,,,,
autoseg_leg_na_scan_types,module_autoseg_leg,,text,"NA Scan Types",,,,,,,"[autoseg_leg_on] = '1'",,,,,,
autoseg_leg_email,module_autoseg_leg,,text,Email,,,,,,,"[autoseg_leg_on] = '1'",,,,,,
autoseg_leg_spmdir,module_autoseg_leg,,text,Spmdir,,,,,,,"[autoseg_leg_on] = '1'",,,,,,
multi_atlas_edits_on,module_multi_atlas_edits,,yesno,"Multi Atlas Edits on?",,,,,,,,,,,,,
multi_atlas_edits_mod_name,module_multi_atlas_edits,,text,"Module name",,"Default: Module_Multi_Atlas_Edits",,,,,"[multi_atlas_edits_on] = '1'",,,,,,
multi_atlas_edits_directory,module_multi_atlas_edits,,text,"Temporary writing directory",,,,,,,"[multi_atlas_edits_on] = '1'",,,,,,
multi_atlas_edits_email,module_multi_atlas_edits,,text,"Email address for error",,,,,,,"[multi_atlas_edits_on] = '1'",,,,,,
multi_atlas_edits_text_report,module_multi_atlas_edits,,text,"Default Email heading",,,,,,,"[multi_atlas_edits_on] = '1'",,,,,,
multi_atlas_edits_masimatlab,module_multi_atlas_edits,,text,"masimatlab path",,,,,,,"[multi_atlas_edits_on] = '1'",,,,,,
multi_atlas_edits_scan_types,module_multi_atlas_edits,,text,"Scan types (for T1)",,,,,,,"[multi_atlas_edits_on] = '1'",,,,,,
multi_atlas_edits_atlas_file,module_multi_atlas_edits,,text,"Atlas file",,,,,,,"[multi_atlas_edits_on] = '1'",,,,,,
ab_local_on,process_ab_local,,yesno,"Abdomen Organ Localized Seg on",,,,,,,,,,,,,
ab_local_proc_name,process_ab_local,,text,"Processor name",,"Default: Abdomen_Organ_Localized_Processor",,,,,,,,,,,
ab_local_suffix_proc,process_ab_local,,text,"Processor Suffix",,,,,,,,,,,,,
ab_local_spider_path,process_ab_local,,text,"Spider Path",,,,,,,,,,,,,
ab_local_version,process_ab_local,,text,Version,,,,,,,,,,,,,
ab_local_walltime,process_ab_local,,text,Walltime,,,,,,,,,,,,,
ab_local_mem_mb,process_ab_local,,text,"Memory in MB",,,,,,,,,,,,,
ab_local_masimatlab,process_ab_local,,text,"masimatlab path",,,,,,,,,,,,,
ab_local_scan_types,process_ab_local,,text,"Scan Types on XNAT: ",,,,,,,,,,,,,
ab_local_atlasraw,process_ab_local,,text,"Raw atlas directory",,,,,,,,,,,,,
ab_local_atlaslabel,process_ab_local,,text,"Atlas label directory",,,,,,,,,,,,,
ab_local_fslorient,process_ab_local,,text,"full path to FSLORIENT",,,,,,,,,,,,,
ab_local_niftyreg,process_ab_local,,text,"full path to NIFTYREG",,,,,,,,,,,,,
ab_local_jointfusion,process_ab_local,,text,"full path to JOINTFUSION",,,,,,,,,,,,,
ab_local_irtkresample,process_ab_local,,text,"full path to IRTKRESAMPLE",,,,,,,,,,,,,
ab_local_gmm,process_ab_local,,text,"full path to gmm_igvp.mat file in masimatlab",,,,,,,,,,,,,
ab_local_rf,process_ab_local,,text,"random forest location",,,,,,,,,,,,,
ab_whole_on,process_ab_whole,,yesno,"Abdomen Organ Whole Seg on",,,,,,,,,,,,,
ab_whole_proc_name,process_ab_whole,,text,"Processor name",,"Default: Abdomen_Organ_Whole_Processor",,,,,,,,,,,
ab_whole_suffix_proc,process_ab_whole,,text,"Processor Suffix",,,,,,,,,,,,,
ab_whole_spider_path,process_ab_whole,,text,"Spider path",,,,,,,,,,,,,
ab_whole_version,process_ab_whole,,text,version,,,,,,,,,,,,,
ab_whole_walltime,process_ab_whole,,text,walltime,,,,,,,,,,,,,
ab_whole_mem_mb,process_ab_whole,,text,"Memory in MB",,,,,,,,,,,,,
ab_whole_masimatlab,process_ab_whole,,text,"masimatlab path",,,,,,,,,,,,,
ab_whole_scan_types,process_ab_whole,,text,"Abdomen Scan types",,,,,,,,,,,,,
ab_whole_atlasraw,process_ab_whole,,text,"path to raw atlas data",,,,,,,,,,,,,
ab_whole_atlaslabel,process_ab_whole,,text,"path to atlas labels",,,,,,,,,,,,,
ab_whole_fslorient,process_ab_whole,,text,"full path to fslorient",,,,,,,,,,,,,
ab_whole_niftyreg,process_ab_whole,,text,"full path to niftyreg",,,,,,,,,,,,,
ab_whole_jointfusion,process_ab_whole,,text,"full path to jointfusion",,,,,,,,,,,,,
ab_whole_gmm,process_ab_whole,,text,"full path to gmm_igvp.mat file in masimatlab",,,,,,,,,,,,,
ab_whole_rf,process_ab_whole,,text,"random forest location",,,,,,,,,,,,,
ashs_on,process_ashs,"Process on/off:",yesno,"ASHS on/off:",,,,,,,,,,,,,
ashs_inputs,process_ashs,"Process parameters:",descriptive,"Inputs Data:

*T1 scan --> format of image/resource on XNAT: DICOM

*T2 scan --> format of image/resource on XNAT: DICOM
",,,,,,,"[ashs_on] = '1'",,,,,,
ashs_proc_name,process_ashs,,text,"Processor Name:",,"Default: ASHS_Processor",,,,,"[ashs_on] = '1'",,,,,,
ashs_suffix_proc,process_ashs,,text,"Processor Suffix:",,,,,,,"[ashs_on] = '1'",,,,,,
ashs_spider_path,process_ashs,,text,"Spider path:",,"Default: masimatlab/trunk/xnatspiders/spiders/Spider_ASHS_v1_1_0.py",,,,,"[ashs_on] = '1'",,,,,,
ashs_version,process_ashs,,text,Version:,,"Default: 1.1.0",,,,,"[ashs_on] = '1'",,,,,,
ashs_walltime,process_ashs,,text,Walltime:,,"Default: 72:00:00",,,,,"[ashs_on] = '1'",,,,,,
ashs_mem_mb,process_ashs,,text,Memory:,,"Default: 8192 (mb)",,,,,"[ashs_on] = '1'",,,,,,
ashs_t1_scan_types,process_ashs,,text,"T1 scan type on XNAT:",,"Default: T1,MPRAGE",,,,,"[ashs_on] = '1'",,,,,,
ashs_t2_scan_types,process_ashs,,text,"T2 scan type on XNAT:",,"Default: T2_HPC",,,,,"[ashs_on] = '1'",,,,,,
aslqa_on,process_aslqa,"Process on/off:",yesno,ASLQA?,,,,,,,,,,,,,
aslqa_inputs,process_aslqa,"Process parameters:",descriptive,"Inputs Data:

*ASL scan specified with scan types --> format of image/resource on XNAT: DICOM

*M0 scan specified with scan types --> format of image/resource on XNAT: DICOM

*T1 scan specified with scan types --> format of image/resource on XNAT: NIFTI",,,,,,,,,,,,,
aslqa_proc_name,process_aslqa,,text,"Processor Name",,"Default: ASLQA_Processor",,,,,"[aslqa_on] = '1'",,,,,,
aslqa_suffix_proc,process_aslqa,,text,"Processor Suffix",,,,,,,"[aslqa_on] = '1'",,,,,,
aslqa_spider_path,process_aslqa,,text,"Spider Path",,"Default: masimatlab/trunk/xnatspiders/spiders/Spider_ASLQA_v1_0_1.py",,,,,"[aslqa_on] = '1'",,,,,,
aslqa_version,process_aslqa,,text,Version,,"Default: 1.0.0",,,,,"[aslqa_on] = '1'",,,,,,
aslqa_fsl_path,process_aslqa,,text,"FSL Path",,"Default: /scratch/mcr/fsl5",,,,,,,,,,,
aslqa_walltime,process_aslqa,,text,Walltime,,"Default: 02:00:00",,,,,"[aslqa_on] = '1'",,,,,,
aslqa_mem_mb,process_aslqa,,text,Memory,,"Default: 2048 (MB)",,,,,"[aslqa_on] = '1'",,,,,,
aslqa_asl_scan_types,process_aslqa,,text,"ASL Scan Type(s)",,"Default: ASL_Resting, ASL_Hypercapnia",,,,,"[aslqa_on] = '1'",,,,,,
aslqa_m0_scan_types,process_aslqa,,text,"ASL M0 Scan Type(s)",,"Default: M0, m0",,,,,"[aslqa_on] = '1'",,,,,,
aslqa_t1_scan_types,process_aslqa,,text,"T1 Scan Type",,"Default: T1, MPRAGE",,,,,"[aslqa_on] = '1'",,,,,,
aslqa_pld,process_aslqa,,text,"Post-Label Delay (PLD)",,seconds,,,,,"[aslqa_on] = '1'",,,,,,
aslqa_tau,process_aslqa,,text,"Label Duration (TAU)",,seconds,,,,,"[aslqa_on] = '1'",,,,,,
aslqa_slicedt,process_aslqa,,text,"Slice Delay Time (SDT)",,seconds,,,,,"[aslqa_on] = '1'",,,,,,
aslqa_nslices,process_aslqa,,text,"Number of Slices in ASL",,,,,,,"[aslqa_on] = '1'",,,,,,
aslqa_rest_on,process_aslqa_rest,"Process on/off:",yesno,"ASLQA Rest:",,,,,,,,,,,,,
aslqa_rest_inputs,process_aslqa_rest,"Process parameters:",descriptive,"Inputs Data:

*ASL scan specified with scan types --> format of image/resource on XNAT: DICOM

*M0 scan specified with scan types --> format of image/resource on XNAT: DICOM

*T1 scan specified with scan types --> format of image/resource on XNAT: NIFTI",,,,,,,"[aslqa_rest_on] = '1'",,,,,,
aslqa_rest_proc_name,process_aslqa_rest,,text,"Processor Name:",,"Default: ASLQA_Rest_Processor",,,,,"[aslqa_rest_on] = '1'",,,,,,
aslqa_rest_suffix_proc,process_aslqa_rest,,text,"Processor Suffix:",,,,,,,"[aslqa_rest_on] = '1'",,,,,,
aslqa_rest_spider_path,process_aslqa_rest,,text,"Spider path:",,"Default: masimatlab/trunk/xnatspiders/spiders/Spider_ASLQA_Rest_v1.0.0.py",,,,,"[aslqa_rest_on] = '1'",,,,,,
aslqa_rest_version,process_aslqa_rest,,text,Version:,,"Default: 1.0.2",,,,,"[aslqa_rest_on] = '1'",,,,,,
aslqa_rest_fsl_path,process_aslqa_rest,,text,FSL:,,"Default: /scratch/mcr/fsl5",,,,,"[aslqa_rest_on] = '1'",,,,,,
aslqa_rest_walltime,process_aslqa_rest,,text,Walltime:,,"Default: 02:00:00",,,,,"[aslqa_rest_on] = '1'",,,,,,
aslqa_rest_mem_mb,process_aslqa_rest,,text,Memory:,,"Default: 2048 (mb)",,,,,"[aslqa_rest_on] = '1'",,,,,,
aslqa_rest_asl_scan_types,process_aslqa_rest,,text,"ASL scan type on XNAT:",,"Default: ASL_Resting",,,,,"[aslqa_rest_on] = '1'",,,,,,
aslqa_rest_m0_scan_types,process_aslqa_rest,,text,"M0 scan type on XNAT:",,"Default: M0,m0",,,,,"[aslqa_rest_on] = '1'",,,,,,
aslqa_rest_t1_scan_types,process_aslqa_rest,,text,"T1 scan type on XNAT:",,"Default: T1,MPRAGE",,,,,"[aslqa_rest_on] = '1'",,,,,,
aslqa_rest_pld,process_aslqa_rest,,text,"Post-Label Delay (PLD):",,,number,0,5,,"[aslqa_rest_on] = '1'",,,,,,
aslqa_rest_tau,process_aslqa_rest,,text,"Label-Duration (TAU):",,,,,,,"[aslqa_rest_on] = '1'",,,,,,
aslqa_rest_slicedt,process_aslqa_rest,,text,"Slice Delay Time (SDT):",,,,,,,"[aslqa_rest_on] = '1'",,,,,,
aslqa_rest_nslices,process_aslqa_rest,,text,"Number of Slices in ASL:",,,,,,,"[aslqa_rest_on] = '1'",,,,,,
aslqa_rest_dynamics,process_aslqa_rest,,text,"Rest Dynamics:",,"Default: ALL",,,,,"[aslqa_rest_on] = '1'",,,,,,
bedpost_on,process_bedpost,"Process on/off:",yesno,Bedpost:,,,,,,,,,,,,,
bedpost_inputs,process_bedpost,"Process parameters:",descriptive,"Inputs Data: 
*DTI scan specified on XNAT with the scantypes ---> format of image/resource on XNAT: NIFTI/bval/bvec
*dtiQA assessor with QA status set to Passed",,,,,,,,,,,,,
bedpost_proc_name,process_bedpost,,text,"Processor Name:",,"Default: Bedpost_Processor",,,,,"[bedpost_on] = '1'",,,,,,
bedpost_suffix_proc,process_bedpost,,text,"Processor Suffix:",,,,,,,"[bedpost_on] = '1'",,,,,,
bedpost_spider_path,process_bedpost,,text,"Spider path:",,"Default: masimatlab/trunk/xnatspiders/spiders/Spider_Bedpost_v1.0.0.py",,,,,"[bedpost_on] = '1'",,,,,,
bedpost_version,process_bedpost,,text,Version:,,"Default: 1.0.0",,,,,"[bedpost_on] = '1'",,,,,,
bedpost_walltime,process_bedpost,,text,Walltime:,,"Default: 24:00:00",,,,,"[bedpost_on] = '1'",,,,,,
bedpost_mem_mb,process_bedpost,,text,Memory:,,"Default: 4096 (mb)",,,,,"[bedpost_on] = '1'",,,,,,
bedpost_scan_types,process_bedpost,,text,"DTI Scan types on XNAT:",,"Default: dti,dif",,,,,"[bedpost_on] = '1'",,,,,,
bedpost_dtiqa_types,process_bedpost,,text,"DTIQA process types on XNAT:",,"Default: dtiQA_v2",,,,,"[bedpost_on] = '1'",,,,,,
bedpost_fsl,process_bedpost,,text,FSL:,,"Default: /scratch/mcr/fsl5",,,,,"[bedpost_on] = '1'",,,,,,
bedpost_model,process_bedpost,,text,"Model (1 for monoexponential, 2 for multiexponential):",,"Default: 1",,,,,"[bedpost_on] = '1'",,,,,,
bedpost_nbfibers,process_bedpost,,text,"Nb Fibres (Number of fibers modelled per voxel):",,"Default: 2",,,,,"[bedpost_on] = '1'",,,,,,
bedpost_fudge,process_bedpost,,text,fudge:,,"Default: 1",,,,,"[bedpost_on] = '1'",,,,,,
bedpost_burnin,process_bedpost,,text,"burnin (Number of iterations before starting the sampling. these might be increased if the data are noisy, and the MCMC needs more iterations to converge):",,"Default: 1000",,,,,"[bedpost_on] = '1'",,,,,,
bedpost_njumps,process_bedpost,,text,"njumps (Number of jumps):",,"Default: 1250",,,,,"[bedpost_on] = '1'",,,,,,
bedpost_sampleevery,process_bedpost,,text,"sampleevery (Sample every):",,"Default: 25",,,,,"[bedpost_on] = '1'",,,,,,
dtiqa_on,process_dtiqa,"Process on/off:",yesno,dtiQA:,,,,,,,,,,,,,
dtiqa_inputs,process_dtiqa,"Process parameters:",descriptive,"Inputs Data: 
*DTI scan specified on XNAT with the scantypes ---> format of image/resource on XNAT: NIFTI/bval/bvec",,,,,,,,,,,,,
dtiqa_proc_name,process_dtiqa,,text,"Processor Name:",,"Default: DtiQa_Processor",,,,,"[dtiqa_on] = '1'",,,,,,
dtiqa_suffix_proc,process_dtiqa,,text,"Processor Suffix:",,,,,,,"[dtiqa_on] = '1'",,,,,,
dtiqa_spider_path,process_dtiqa,,text,"Spider path:",,"Default: masimatlab/trunk/xnatspiders/spiders/Spider_dtiQA_v2.py",,,,,"[dtiqa_on] = '1'",,,,,,
dtiqa_version,process_dtiqa,,text,Version:,,"Default: 2.1.1",,,,,"[dtiqa_on] = '1'",,,,,,
dtiqa_walltime,process_dtiqa,,text,Walltime:,,"Default: 36:00:00",,,,,"[dtiqa_on] = '1'",,,,,,
dtiqa_mem_mb,process_dtiqa,,text,Memory:,,"Default: 9216 (mb)",,,,,"[dtiqa_on] = '1'",,,,,,
dtiqa_scan_types,process_dtiqa,,text,"DTI Scan type on XNAT:",,"default: dti,dif",,,,,"[dtiqa_on] = '1'",,,,,,
dtiqa_masifusion,process_dtiqa,,text,Masi-fusion:,,"Default: /scratch/mcr/src/masi-fusion/",,,,,"[dtiqa_on] = '1'",,,,,,
dtiqa_mipav,process_dtiqa,,text,Mipav:,,"Default: /scratch/mcr/full-multi-atlas/mipav/",,,,,"[dtiqa_on] = '1'",,,,,,
dtiqa_art,process_dtiqa,,text,ART:,,"Default: /scratch/mcr/art",,,,,"[dtiqa_on] = '1'",,,,,,
dtiqa_b0_atlas,process_dtiqa,,text,"B0 Atlas:",,"Default: /scratch/mcr/Bo-atlas-final/",,,,,"[dtiqa_on] = '1'",,,,,,
dtiqa_multi_on,process_dtiqa_multi,"Process on/off:",yesno,"dtiQA Multi:",,,,,,,,,,,,,
dtiqa_multi_inputs,process_dtiqa_multi,"Process parameters:",descriptive,"Inputs Data: 
*DTI scan specified on XNAT with the scantypes ---> format of image/resource on XNAT: NIFTI/bval/bvec",,,,,,,,,,,,,
dtiqa_multi_proc_name,process_dtiqa_multi,,text,"Processor Name:",,"Default: dtiQA_Multi_Processor",,,,,"[dtiqa_multi_on] = '1'",,,,,,
dtiqa_multi_suffix_proc,process_dtiqa_multi,,text,"Processor Suffix:",,,,,,,"[dtiqa_multi_on] = '1'",,,,,,
dtiqa_multi_spider_path,process_dtiqa_multi,,text,"Spider path:",,"Default: masimatlab/trunk/xnatspiders/spiders/Spider_dtiQA_Multi.py",,,,,"[dtiqa_multi_on] = '1'",,,,,,
dtiqa_multi_version,process_dtiqa_multi,,text,Version:,,"Default: v1.0.0",,,,,"[dtiqa_multi_on] = '1'",,,,,,
dtiqa_multi_walltime,process_dtiqa_multi,,text,Walltime:,,"Default: 36:00:00",,,,,"[dtiqa_multi_on] = '1'",,,,,,
dtiqa_multi_mem_mb,process_dtiqa_multi,,text,Memory:,,"Default: 9216 (mb)",,,,,"[dtiqa_multi_on] = '1'",,,,,,
dtiqa_multi_scan_types,process_dtiqa_multi,,text,"DTI Scan type on XNAT:",,"default: dti,dif",,,,,"[dtiqa_multi_on] = '1'",,,,,,
dtiqa_multi_masifusion,process_dtiqa_multi,,text,Masi-fusion:,,"Default: /scratch/mcr/src/masi-fusion/",,,,,"[dtiqa_multi_on] = '1'",,,,,,
dtiqa_multi_mipav,process_dtiqa_multi,,text,Mipav:,,"Default: /scratch/mcr/full-multi-atlas/mipav/",,,,,"[dtiqa_multi_on] = '1'",,,,,,
dtiqa_multi_art,process_dtiqa_multi,,text,ART:,,"Default: /scratch/mcr/art",,,,,"[dtiqa_multi_on] = '1'",,,,,,
dtiqa_multi_b0_atlas,process_dtiqa_multi,,text,"B0 Atlas:",,"Default: /scratch/mcr/Bo-atlas-final/",,,,,"[dtiqa_multi_on] = '1'",,,,,,
dti_amico_on,process_dti_amico,,yesno,"Process on?",,,,,,,,,,,,,
dti_amico_proc_name,process_dti_amico,,text,"Processor name",,"Default: AMICO_Processor",,,,,"[dti_amico_on] = '1'",,,,,,
dti_amico_spider_path,process_dti_amico,,text,"Spider path",,,,,,,"[dti_amico_on] = '1'",,,,,,
dti_amico_suffix_proc,process_dti_amico,,text,"Spider suffix",,,,,,,"[dti_amico_on] = '1'",,,,,,
dti_amico_version,process_dti_amico,,text,Version,,,,,,,"[dti_amico_on] = '1'",,,,,,
dti_amico_walltime,process_dti_amico,,text,Walltime,,,,,,,"[dti_amico_on] = '1'",,,,,,
dti_amico_mem_mb,process_dti_amico,,text,"Memory (in mb)",,,,,,,"[dti_amico_on] = '1'",,,,,,
dti_amico_masimatlab,process_dti_amico,,text,"masimatlab path",,,,,,,"[dti_amico_on] = '1'",,,,,,
dti_amico_masifusion,process_dti_amico,,text,"masifusion path",,,,,,,"[dti_amico_on] = '1'",,,,,,
dti_amico_amicopath,process_dti_amico,,text,amicopath,,,,,,,"[dti_amico_on] = '1'",,,,,,
dti_amico_noddipath,process_dti_amico,,text,"noddipath ",,,,,,,"[dti_amico_on] = '1'",,,,,,
dti_amico_spamspath,process_dti_amico,,text,spamspath,,,,,,,"[dti_amico_on] = '1'",,,,,,
dti_amico_scan_types,process_dti_amico,,text,"hardi scan types",,,,,,,"[dti_amico_on] = '1'",,,,,,
dti_amico_scan_types_dti,process_dti_amico,,text,"dti scan types",,,,,,,"[dti_amico_on] = '1'",,,,,,
magm_normalize_on,process_magm_normalize,,yesno,"Process on?",,,,,,,,,,,,,
magm_normalize_proc_name,process_magm_normalize,,text,"Processor Name",,"Default: MAGM_Processor",,,,,"[magm_normalize_on] = '1'",,,,,,
magm_normalize_suffix_proc,process_magm_normalize,,text,"Processor Suffix",,,,,,,"[magm_normalize_on] = '1'",,,,,,
magm_normalize_spider_path,process_magm_normalize,,text,"Spider path",,,,,,,"[magm_normalize_on] = '1'",,,,,,
magm_normalize_version,process_magm_normalize,,text,Version,,,,,,,"[magm_normalize_on] = '1'",,,,,,
magm_normalize_walltime,process_magm_normalize,,text,Walltime,,,,,,,"[magm_normalize_on] = '1'",,,,,,
magm_normalize_mem_mb,process_magm_normalize,,text,"Memory in mb",,,,,,,"[magm_normalize_on] = '1'",,,,,,
magm_normalize_scan_types,process_magm_normalize,,text,"T1 Scan types",,,,,,,"[magm_normalize_on] = '1'",,,,,,
magm_normalize_spm_path,process_magm_normalize,,text,"SPM Path",,,,,,,"[magm_normalize_on] = '1'",,,,,,
mgc_tractography_on,process_mgc_tractography,,yesno,"Process MGC Tractography on?",,,,,,,,,,,,,
mgc_tractography_mem_mb,process_mgc_tractography,,text,Memory,,,,,,,,,,,,,
mgc_tractography_spider_path,process_mgc_tractography,,text,Spider,,,,,,,"[mgc_tractography_on] = '1'",,,,,,
mgc_tractography_proc_name,process_mgc_tractography,,text,"Default Processor",,"Default: MGC_Tractography_Processor",,,,,"[mgc_tractography_on] = '1'",,,,,,
mgc_tractography_version,process_mgc_tractography,,text,Version,,,,,,,"[mgc_tractography_on] = '1'",,,,,,
mgc_tractography_walltime,process_mgc_tractography,,text,Walltime,,,,,,,"[mgc_tractography_on] = '1'",,,,,,
mgc_tractography_t1_types,process_mgc_tractography,,text,"T1 scan types",,,,,,,"[mgc_tractography_on] = '1'",,,,,,
mgc_tractography_dti_types,process_mgc_tractography,,text,"DTI scan types",,,,,,,"[mgc_tractography_on] = '1'",,,,,,
mgc_tractography_fsldir,process_mgc_tractography,,text,"FSL Directory",,,,,,,"[mgc_tractography_on] = '1'",,,,,,
mgc_tractography_spmdir,process_mgc_tractography,,text,"SPM Directory",,,,,,,"[mgc_tractography_on] = '1'",,,,,,
mgc_tractography_suffix_proc,process_mgc_tractography,,text,"Processor Suffix",,,,,,,"[mgc_tractography_on] = '1'",,,,,,
mgc_exp_tractography_on,process_mgc_exp_tractography,,yesno,"Process On?",,,,,,,,,,,,,
mgc_exp_tractography_spider_path,process_mgc_exp_tractography,,text,"Spider path",,,,,,,"[mgc_exp_tractography_on] = '1'",,,,,,
mgc_exp_tractography_suffix_proc,process_mgc_exp_tractography,,text,"Processor Suffix",,,,,,,"[mgc_exp_tractography_on] = '1'",,,,,,
mgc_exp_tractography_proc_name,process_mgc_exp_tractography,,text,"Processor Name",,"Default: MGC_Exp_Tractography_Processor",,,,,"[mgc_exp_tractography_on] = '1'",,,,,,
mgc_exp_tractography_version,process_mgc_exp_tractography,,text,Version,,,,,,,"[mgc_exp_tractography_on] = '1'",,,,,,
mgc_exp_tractography_mem_mb,process_mgc_exp_tractography,,text,"Memory in mb",,,,,,,"[mgc_exp_tractography_on] = '1'",,,,,,
mgc_exp_tractography_walltime,process_mgc_exp_tractography,,text,Walltime,,,,,,,"[mgc_exp_tractography_on] = '1'",,,,,,
mgc_exp_tractography_dti_scan_type,process_mgc_exp_tractography,,text,"HARDI Scan type",,,,,,,,,,,,,
mgc_exp_tractography_spmdir,process_mgc_exp_tractography,,text,"SPM 12 dir",,,,,,,"[mgc_exp_tractography_on] = '1'",,,,,,
mgc_exp_tractography_fsldir,process_mgc_exp_tractography,,text,FSLDIR,,,,,,,"[mgc_exp_tractography_on] = '1'",,,,,,
generic_fmri_on,process_generic_fmri,,yesno,"Process on",,,,,,,,,,,,,
generic_fmri_spider_path,process_generic_fmri,,text,Spider,,,,,,,"[generic_fmri_on] = '1'",,,,,,
generic_fmri_version,process_generic_fmri,,text,Version,,,,,,,"[generic_fmri_on] = '1'",,,,,,
generic_fmri_walltime,process_generic_fmri,,text,Walltime,,,,,,,"[generic_fmri_on] = '1'",,,,,,
generic_fmri_mem_mb,process_generic_fmri,,text,"Memory (in mb)",,,,,,,"[generic_fmri_on] = '1'",,,,,,
generic_fmri_scan_types,process_generic_fmri,,text,"fMRI scantypes",,,,,,,"[generic_fmri_on] = '1'",,,,,,
generic_fmri_t1_scan_types,process_generic_fmri,,text,"T1 scan types",,,,,,,"[generic_fmri_on] = '1'",,,,,,
generic_fmri_proc_name,process_generic_fmri,,text,"Processor name",,"Default: Generic_FMRI_Processor",,,,,"[generic_fmri_on] = '1'",,,,,,
generic_fmri_suffix_proc,process_generic_fmri,,text,"Processor suffix",,,,,,,,,,,,,
generic_fmri_spm_path,process_generic_fmri,,text,"SPM path",,,,,,,"[generic_fmri_on] = '1'",,,,,,
fmri_preprocess_on,process_fmri_preprocess,"Process on/off:",yesno,"fMRI Preprocess:",,,,,,,,,,,,,
fmri_preprocess_inputs,process_fmri_preprocess,"Process parameters:",descriptive,"Inputs Data: 
*fMRI scans specified on XNAT with the scan types ---> format of image/resource on XNAT: NIFTI
*VBMQA assessor with QA status set to Passed with an output/resource on XNAT: MAT",,,,,,,,,,,,,
fmri_preprocess_proc_name,process_fmri_preprocess,,text,"Processor Name:",,"Default: fMRI_Preprocess_Processor",,,,,"[fmri_preprocess_on] = '1'",,,,,,
fmri_preprocess_suffix_proc,process_fmri_preprocess,,text,"Processor Suffix:",,,,,,,"[fmri_preprocess_on] = '1'",,,,,,
fmri_preprocess_spider_path,process_fmri_preprocess,,text,"Spider path:",,"Default: masimatlab/trunk/xnatspiders/spiders/Spider_fMRI_Preprocess.py",,,,,"[fmri_preprocess_on] = '1'",,,,,,
fmri_preprocess_version,process_fmri_preprocess,,text,Version:,,"Default: 1.0.0",,,,,"[fmri_preprocess_on] = '1'",,,,,,
fmri_preprocess_walltime,process_fmri_preprocess,,text,Walltime:,,"Default: 02:00:00",,,,,"[fmri_preprocess_on] = '1'",,,,,,
fmri_preprocess_mem_mb,process_fmri_preprocess,,text,Memory:,,"Default: 2048 (mb)",,,,,"[fmri_preprocess_on] = '1'",,,,,,
fmri_preprocess_fmri_scantypes,process_fmri_preprocess,,text,"fMRI Scan type on XNAT:",,"Default: fMRI,REST",,"Default: /gpfs21/scratch/mcr/spm8",,,"[fmri_preprocess_on] = '1'",,,,,,
fmri_preprocess_spm_path,process_fmri_preprocess,,text,SPM:,,"Default: /scratch/mcr/spm8",,,,,"[fmri_preprocess_on] = '1'",,,,,,
fmri_connectivity_preprocess_on,process_fmri_connectivity_preprocess,,yesno,"fMRI Connectivity PreProcess On",,,,,,,,,,,,,
fmri_connectivity_preprocess_proc_name,process_fmri_connectivity_preprocess,,text,"Processor Name",,"Default: Fmri_Connectivity_PreProcessor_Scan",,,,,"[fmri_connectivity_preprocess_on] = '1'",,,,,,
fmri_connectivity_preprocess_suffix_proc,process_fmri_connectivity_preprocess,,text,"Processor suffix",,,,,,,"[fmri_connectivity_preprocess_on] = '1'",,,,,,
fmri_connectivity_preprocess_spider_path,process_fmri_connectivity_preprocess,,text,"Spider path:",,,,,,,"[fmri_connectivity_preprocess_on] = '1'",,,,,,
fmri_connectivity_preprocess_masimatlab,process_fmri_connectivity_preprocess,,text,"Masimatlab path:",,,,,,,"[fmri_connectivity_preprocess_on] = '1'",,,,,,
fmri_connectivity_preprocess_spm_path,process_fmri_connectivity_preprocess,,text,"SPM Path:",,,,,,,"[fmri_connectivity_preprocess_on] = '1'",,,,,,
fmri_connectivity_preprocess_version,process_fmri_connectivity_preprocess,,text,Version:,,,,,,,"[fmri_connectivity_preprocess_on] = '1'",,,,,,
fmri_connectivity_preprocess_walltime,process_fmri_connectivity_preprocess,,text,"Walltime: ",,,,,,,"[fmri_connectivity_preprocess_on] = '1'",,,,,,
fmri_connectivity_preprocess_mem_mb,process_fmri_connectivity_preprocess,,text,"Memory (Mb): ",,,,,,,"[fmri_connectivity_preprocess_on] = '1'",,,,,,
fmri_connectivity_preprocess_scan_types,process_fmri_connectivity_preprocess,,text,"Functional Scan Types: ",,,,,,,"[fmri_connectivity_preprocess_on] = '1'",,,,,,
fmri_connectivity_preprocess_t1_scan_types,process_fmri_connectivity_preprocess,,text,"T1 scan types: ",,,,,,,"[fmri_connectivity_preprocess_on] = '1'",,,,,,
fmri_connectivity_preprocess_wm_file,process_fmri_connectivity_preprocess,,text,"WM Def file:",,,,,,,"[fmri_connectivity_preprocess_on] = '1'",,,,,,
fmri_connectivity_preprocess_cortgm_file,process_fmri_connectivity_preprocess,,text,"Cortical GM file",,,,,,,"[fmri_connectivity_preprocess_on] = '1'",,,,,,
fmri_connectivity_preprocess_allgm_file,process_fmri_connectivity_preprocess,,text,"All gm file",,,,,,,"[fmri_connectivity_preprocess_on] = '1'",,,,,,
fmri_connectivity_preprocess_proc_file,process_fmri_connectivity_preprocess,,text,"Processing parameter file",,,,,,,"[fmri_connectivity_preprocess_on] = '1'",,,,,,
fmri_connectivity_process_on,process_fmri_connectivity_process,,yesno,"Process fMRI Connectivity Process on?",,,,,,,,,,,,,
fmri_connectivity_process_proc_name,process_fmri_connectivity_process,"Processing Params",text,"Processor name",,"Default: Fmri_Connectivity_Processor_Scan",,,,,"[fmri_connectivity_process_on] = '1'",,,,,,
fmri_connectivity_process_suffix_proc,process_fmri_connectivity_process,,text,Suffix,,,,,,,"[fmri_connectivity_process_on] = '1'",,,,,,
fmri_connectivity_process_spider_path,process_fmri_connectivity_process,,text,"Spider Path",,,,,,,"[fmri_connectivity_process_on] = '1'",,,,,,
fmri_connectivity_process_masimatlab,process_fmri_connectivity_process,,text,Masimatlab,,,,,,,"[fmri_connectivity_process_on] = '1'",,,,,,
fmri_connectivity_process_spm_path,process_fmri_connectivity_process,,text,"Spm path",,,,,,,"[fmri_connectivity_process_on] = '1'",,,,,,
fmri_connectivity_process_version,process_fmri_connectivity_process,,text,Version,,,,,,,"[fmri_connectivity_process_on] = '1'",,,,,,
fmri_connectivity_process_walltime,process_fmri_connectivity_process,,text,Walltime,,,,,,,"[fmri_connectivity_process_on] = '1'",,,,,,
fmri_connectivity_process_mem_mb,process_fmri_connectivity_process,,text,"Memory (Mb):",,,,,,,"[fmri_connectivity_process_on] = '1'",,,,,,
fmri_connectivity_process_roifile,process_fmri_connectivity_process,,text,"Roifile (for create_rois)",,,,,,,"[fmri_connectivity_process_on] = '1'",,,,,,
fmri_connectivity_process_scan_types,process_fmri_connectivity_process,,text,"Func Scan types (not used. Just for the PDF)",,,,,,,"[fmri_connectivity_process_on] = '1'",,,,,,
fmriqa_on,process_fmriqa,"Process on/off:",yesno,fMRIQA:,,,,,,,,,,,,,
fmriqa_inputs,process_fmriqa,"Process parameters:",descriptive,"Inputs Data: 
*fMRI scans specified on XNAT with the scan types ---> format of image/resource on XNAT: NIFTI",,,,,,,,,,,,,
fmriqa_proc_name,process_fmriqa,,text,"Processor Name:",,"Default: FmriQa_Processor",,,,,"[fmriqa_on] = '1'",,,,,,
fmriqa_suffix_proc,process_fmriqa,,text,"Processor Suffix:",,,,,,,"[fmriqa_on] = '1'",,,,,,
fmriqa_spider_path,process_fmriqa,,text,"Spider path:",,"Default: masimatlab/trunk/xnatspiders/spiders/Spider_fMRIQA.py",,,,,"[fmriqa_on] = '1'",,,,,,
fmriqa_version,process_fmriqa,,text,Version:,,"Default: 1.0.0",,,,,"[fmriqa_on] = '1'",,,,,,
fmriqa_walltime,process_fmriqa,,text,Walltime:,,"Default: 00:30:00",,,,,"[fmriqa_on] = '1'",,,,,,
fmriqa_mem_mb,process_fmriqa,,text,Memory:,,"Default: 2048",,,,,"[fmriqa_on] = '1'",,,,,,
fmriqa_scan_types,process_fmriqa,,text,"fMRI scan type on XNAT:",,"Default: fMRI,REST",,,,,"[fmriqa_on] = '1'",,,,,,
fmriqa_spm_path,process_fmriqa,,text,SPM:,,"Default: /gpfs21/scratch/mcr/spm8",,,,,"[fmriqa_on] = '1'",,,,,,
freesurfer_on,process_freesurfer,"Process on/off:",yesno,FreeSurfer:,,,,,,,,,,,,,
freesurfer_inputs,process_freesurfer,"Process parameters:",descriptive,"Inputs Data: 
*T1/MPRAGE scan specified on XNAT with the scantypes ---> format of image/resource on XNAT: NIFTI",,,,,,,,,,,,,
freesurfer_proc_name,process_freesurfer,,text,"Processor Name:",,"Default: Freesurfer_Processor",,,,,"[freesurfer_on] = '1'",,,,,,
freesurfer_suffix_proc,process_freesurfer,,text,"Processor Suffix:",,,,,,,"[freesurfer_on] = '1'",,,,,,
freesurfer_spider_path,process_freesurfer,,text,"Spider Path:",,"Default: masimatlab/trunk/xnatspiders/spiders/Spider_FreeSurferRecon_v4_0_5.py",,,,,"[freesurfer_on] = '1'",,,,,,
freesurfer_version,process_freesurfer,,text,Version:,,"Default: 4.0.4",,,,,"[freesurfer_on] = '1'",,,,,,
freesurfer_walltime,process_freesurfer,,text,Walltime:,,"Default: 48:00:00",,,,,"[freesurfer_on] = '1'",,,,,,
freesurfer_mem_mb,process_freesurfer,,text,Memory:,,"Default: 4096 (mb)",,,,,"[freesurfer_on] = '1'",,,,,,
freesurfer_scan_types,process_freesurfer,,text,"T1/MPRAGE scan types on XNAT:",,"Default: T1,MPRAGE",,,,,"[freesurfer_on] = '1'",,,,,,
freesurfer_fs_home,process_freesurfer,,text,"FreeSurfer Home path:",,"Default: /scratch/mcr/freesurfer ",,,,,"[freesurfer_on] = '1'",,,,,,
fsl_first_on,process_fsl_first,"Process on/off:",yesno,"FSL First:",,,,,,,,,,,,,
fsl_first_inputs,process_fsl_first,"Process parameters:",descriptive,"Inputs Data: 
*T1/MPRAGE scans specified on XNAT with scan types ---> format of image/resource on XNAT: NIFTI",,,,,,,,,,,,,
fsl_first_proc_name,process_fsl_first,,text,"Processor Name:",,"Default: FSL_First_Processor",,,,,"[fsl_first_on] = '1'",,,,,,
fsl_first_suffix_proc,process_fsl_first,,text,"Processor Suffix:",,,,,,,"[fsl_first_on] = '1'",,,,,,
fsl_first_spider_path,process_fsl_first,,text,"Spider path:",,"Default: masimatlab/trunk/xnatspiders/spiders/Spider_FSL_First.py",,,,,"[fsl_first_on] = '1'",,,,,,
fsl_first_version,process_fsl_first,,text,Version:,,"Default: 1.0.0",,,,,"[fsl_first_on] = '1'",,,,,,
fsl_first_walltime,process_fsl_first,,text,Walltime:,,"Default: 01:00:00",,,,,"[fsl_first_on] = '1'",,,,,,
fsl_first_mem_mb,process_fsl_first,,text,Memory,,"Default: 2048 (mb)",,,,,"[fsl_first_on] = '1'",,,,,,
fsl_first_scan_types,process_fsl_first,,text,"T1/MPRAGE scan type on XNAT:",,"Default: T1,MPRAGE",,,,,"[fsl_first_on] = '1'",,,,,,
intra_sess_reg_on,process_intra_sess_reg,"Process on/off:",yesno,"Intra Session Registration:",,,,,,,,,,,,,
intra_sess_reg_inputs,process_intra_sess_reg,"Process parameters:",descriptive,"Inputs Data: 
*various scans specified on XNAT with the source images/scan types ---> format of image/resource on XNAT: NIFTI",,,,,,,,,,,,,
intra_sess_reg_proc_name,process_intra_sess_reg,,text,"Processor Name:",,"Default: intra_sess_reg_Processor",,,,,"[intra_sess_reg_on] = '1'",,,,,,
intra_sess_reg_suffix_proc,process_intra_sess_reg,,text,"Processor Suffix:",,,,,,,"[intra_sess_reg_on] = '1'",,,,,,
intra_sess_reg_spider_path,process_intra_sess_reg,,text,"Spider path:",,"Default: masimatlab/trunk/xnatspiders/spiders/Spider_intra_sess_reg.py",,,,,"[intra_sess_reg_on] = '1'",,,,,,
intra_sess_reg_version,process_intra_sess_reg,,text,Version:,,"Default: 1.0.0",,,,,"[intra_sess_reg_on] = '1'",,,,,,
intra_sess_reg_walltime,process_intra_sess_reg,,text,Walltime:,,"Default: 04:00:00",,,,,"[intra_sess_reg_on] = '1'",,,,,,
intra_sess_reg_mem_mb,process_intra_sess_reg,,text,Memory,,"Default: 2048 (mb)",,,,,"[intra_sess_reg_on] = '1'",,,,,,
intra_sess_reg_scan_types,process_intra_sess_reg,,text,"T1/MPRAGE scan type on XNAT:",,"Default: T1,MPRAGE",,,,,"[intra_sess_reg_on] = '1'",,,,,,
intra_sess_reg_source_images,process_intra_sess_reg,,text,"Source Images type on XNAT:",,"Default: T1WMT,TWMT,DTI,DTI1,DTI2,MPRAGE,REST,FLAIR,PD,fMRI,T2,COW,dti,t1,T1,fMRI,fmri ",,,,,"[intra_sess_reg_on] = '1'",,,,,,
intra_sess_reg_spm_path,process_intra_sess_reg,,text,SPM:,,"Default: /gpfs21/scratch/mcr/spm8",,,,,"[intra_sess_reg_on] = '1'",,,,,,
intra_sess_reg_nifti_reg_path,process_intra_sess_reg,,text,NiftyReg:,,"Default: /scratch/mcr/NiftyReg/niftyreg_install/",,,,,"[intra_sess_reg_on] = '1'",,,,,,
lst_on,process_lst,"Process on/off:",yesno,LST:,,,,,,,,,,,,,
lst_inputs,process_lst,"Process parameters:",descriptive,"Inputs Data: 
*T1/MPRAGE scan specified on XNAT with the scan types ---> format of image/resource on XNAT: NIFTI
*FLAIR scan specified on XNAT with the scan types ---> format of image/resource on XNAT: NIFTI",,,,,,,,,,,,,
lst_proc_name,process_lst,,text,"Processor Name:",,"Default: Lst_Processor",,,,,"[lst_on] = '1'",,,,,,
lst_suffix_proc,process_lst,,text,"Processor Suffix:",,,,,,,"[lst_on] = '1'",,,,,,
lst_spider_path,process_lst,,text,"Spider path:",,"Default: masimatlab/trunk/xnatspiders/spiders/Spider_LST_v1_0_2.py",,,,,"[lst_on] = '1'",,,,,,
lst_version,process_lst,,text,Version:,,"Default: 1.0.1",,,,,"[lst_on] = '1'",,,,,,
lst_walltime,process_lst,,text,Walltime:,,"Default: 01:30:00",,,,,"[lst_on] = '1'",,,,,,
lst_mem_mb,process_lst,,text,Memory,,"Default: 2048 (mb)",,,,,"[lst_on] = '1'",,,,,,
lst_t1_scan_types,process_lst,,text,"T1/MPRAGE scan type on XNAT:",,"Default: T1,MPRAGE",,,,,"[lst_on] = '1'",,,,,,
lst_flair_scan_types,process_lst,,text,"FLAIR scan type on XNAT:",,"Default: FLAIR",,,,,"[lst_on] = '1'",,,,,,
lst_spm_path,process_lst,,text,SPM:,,"Default: /gpfs21/scratch/mcr/spm8",,,,,"[lst_on] = '1'",,,,,,
multi_atlas_on,process_multi_atlas,"Process on/off:",yesno,"Multi Atlas:",,,,,,,,,,,,,
multi_atlas_inputs,process_multi_atlas,"Process parameters:",descriptive,"Inputs Data: 
*T1/MPRAGE scans specified on XNAT with the scan types ---> format of image/resource on XNAT: NIFTI",,,,,,,,,,,,,
multi_atlas_proc_name,process_multi_atlas,,text,"Processor Name:",,"Default: Multi_Atlas_Processor",,,,,"[multi_atlas_on] = '1'",,,,,,
multi_atlas_suffix_proc,process_multi_atlas,,text,"Processor Suffix:",,,,,,,"[multi_atlas_on] = '1'",,,,,,
multi_atlas_spider_path,process_multi_atlas,,text,"Spider path:",,"Default: masimatlab/trunk/xnatspiders/spiders/Spider_Multi_Atlas.py",,,,,"[multi_atlas_on] = '1'",,,,,,
multi_atlas_version,process_multi_atlas,,text,Version:,,"Default: 1.0.0",,,,,"[multi_atlas_on] = '1'",,,,,,
multi_atlas_walltime,process_multi_atlas,,text,Walltime:,,"Default: 48:00:00",,,,,"[multi_atlas_on] = '1'",,,,,,
multi_atlas_mem_mb,process_multi_atlas,,text,Memory:,,"Default: 6144 (mb)",,,,,"[multi_atlas_on] = '1'",,,,,,
multi_atlas_scan_types,process_multi_atlas,,text,"T1/MPRAGE scan type on XNAT:",,"Default: T1,MPRAGE",,,,,"[multi_atlas_on] = '1'",,,,,,
multi_atlas_software_path,process_multi_atlas,,text,"Software Package Path (ANTs,atlas,jist-lib,masi-fusion,mipav,MNI,niftyreg):",,"Default: /gpfs21/scratch/mcr/full-multi-atlas/",,,,,"[multi_atlas_on] = '1'",,,,,,
ma_cruise_on,process_ma_cruise,"Process on/off:",yesno,"Multi Atlas Cruise on?",,,,,,,,,,,,,
ma_cruise_proc_name,process_ma_cruise,,text,"Processor Name:",,"Default: MA_Cruise_Processor",,,,,"[ma_cruise_on] = '1'",,,,,,
ma_cruise_suffix_proc,process_ma_cruise,,text,"Processor Suffix:",,,,,,,"[ma_cruise_on] = '1'",,,,,,
ma_cruise_spider_path,process_ma_cruise,,text,"Spider path:",,,,,,,"[ma_cruise_on] = '1'",,,,,,
ma_cruise_version,process_ma_cruise,,text,Version:,,,,,,,"[ma_cruise_on] = '1'",,,,,,
ma_cruise_walltime,process_ma_cruise,,text,Walltime:,,,,,,,"[ma_cruise_on] = '1'",,,,,,
ma_cruise_mem_mb,process_ma_cruise,,text,Memory,,,,,,,"[ma_cruise_on] = '1'",,,,,,
ma_cruise_scan_types,process_ma_cruise,,text,"T1 scan type on XNAT:",,,,,,,"[ma_cruise_on] = '1'",,,,,,
ma_cruise_fsdir,process_ma_cruise,,text,"FreeSurfer Directory",,,,,,,"[ma_cruise_on] = '1'",,,,,,
ma_cruise_mipavdir,process_ma_cruise,,text,"Mipav directory:",,,,,,,"[ma_cruise_on] = '1'",,,,,,
ma_cruise_software_path,process_ma_cruise,,text,"MA Cruise software path",,,,,,,"[ma_cruise_on] = '1'",,,,,,
ma_cruise_fsldir,process_ma_cruise,,text,FSLDIR,,,,,,,"[ma_cruise_on] = '1'",,,,,,
ma_cruise_masimatlab,process_ma_cruise,,text,"masimatlab path",,,,,,,"[ma_cruise_on] = '1'",,,,,,
ma_cruise_plus_on,process_ma_cruise_plus,,yesno,"Mutli Atlas Cruise Plus on?",,,,,,,,,,,,,
ma_cruise_plus_proc_name,process_ma_cruise_plus,,text,"Processor Name",,"Default: MA_Cruise_Plus_Processor",,,,,"[ma_cruise_plus_on] = '1'",,,,,,
ma_cruise_plus_suffix_proc,process_ma_cruise_plus,,text,"Processor Suffix",,,,,,,"[ma_cruise_plus_on] = '1'",,,,,,
ma_cruise_plus_spider_path,process_ma_cruise_plus,,text,"Spider path",,,,,,,"[ma_cruise_plus_on] = '1'",,,,,,
ma_cruise_plus_version,process_ma_cruise_plus,,text,Version,,,,,,,"[ma_cruise_plus_on] = '1'",,,,,,
ma_cruise_plus_walltime,process_ma_cruise_plus,,text,walltime,,,,,,,"[ma_cruise_plus_on] = '1'",,,,,,
ma_cruise_plus_mem_mb,process_ma_cruise_plus,,text,"memory in mb",,,,,,,"[ma_cruise_plus_on] = '1'",,,,,,
ma_cruise_plus_scan_types,process_ma_cruise_plus,,text,"T1 scan types on XNAT:",,,,,,,"[ma_cruise_plus_on] = '1'",,,,,,
ma_cruise_plus_fsdir,process_ma_cruise_plus,,text,"FreeSurfer Directory",,,,,,,"[ma_cruise_plus_on] = '1'",,,,,,
ma_cruise_plus_mipavdir,process_ma_cruise_plus,,text,"Mipav directory:",,,,,,,"[ma_cruise_plus_on] = '1'",,,,,,
ma_cruise_plus_software_path,process_ma_cruise_plus,,text,"software path",,,,,,,"[ma_cruise_plus_on] = '1'",,,,,,
ma_cruise_plus_flair_scan_types,process_ma_cruise_plus,,text,"flair scan types",,,,,,,"[ma_cruise_plus_on] = '1'",,,,,,
ma_cruise_plus_masimatlab,process_ma_cruise_plus,,text,masimatlab,,,,,,,"[ma_cruise_plus_on] = '1'",,,,,,
nirsqa_on,process_nirsqa,,yesno,"Process NIRS QA ON",,,,,,,,,,,,,
nirsqa_proc_name,process_nirsqa,,text,"Processor Name",,"Default: NIRSQA_Processor",,,,,"[nirsqa_on] = '1'",,,,,,
nirsqa_suffix_proc,process_nirsqa,,text,"Processor Suffix",,,,,,,"[nirsqa_on] = '1'",,,,,,
nirsqa_spider_path,process_nirsqa,,text,"Spider path",,,,,,,"[nirsqa_on] = '1'",,,,,,
nirsqa_version,process_nirsqa,,text,version,,,,,,,"[nirsqa_on] = '1'",,,,,,
nirsqa_walltime,process_nirsqa,,text,walltime,,,,,,,"[nirsqa_on] = '1'",,,,,,
nirsqa_mem_mb,process_nirsqa,,text,"memory in mb",,,,,,,"[nirsqa_on] = '1'",,,,,,
nirsqa_scan_types,process_nirsqa,,text,"Scan Types on XNAT: ",,,,,,,"[nirsqa_on] = '1'",,,,,,
nirsqa_resource,process_nirsqa,,text,"scan resource on XNAT",,,,,,,"[nirsqa_on] = '1'",,,,,,
ndw_wm_on,process_ndw_wm,,yesno,"NDW_WM ON",,,,,,,,,,,,,
ndw_wm_proc_name,process_ndw_wm,,text,"Processor name",,"Default: NDW_WM_fMRI_Processor",,,,,"[ndw_wm_on] = '1'",,,,,,
ndw_wm_suffix_proc,process_ndw_wm,,text,"Processor Suffix",,,,,,,"[ndw_wm_on] = '1'",,,,,,
ndw_wm_spider_path,process_ndw_wm,,text,"Spider Path",,,,,,,"[ndw_wm_on] = '1'",,,,,,
ndw_wm_version,process_ndw_wm,,text,Version,,,,,,,"[ndw_wm_on] = '1'",,,,,,
ndw_wm_masimatlab,process_ndw_wm,,text,"masimatlab path",,,,,,,"[ndw_wm_on] = '1'",,,,,,
ndw_wm_walltime,process_ndw_wm,,text,walltime,,,,,,,"[ndw_wm_on] = '1'",,,,,,
ndw_wm_mem_mb,process_ndw_wm,,text,Memory,,,,,,,"[ndw_wm_on] = '1'",,,,,,
ndw_wm_fmri_scantype,process_ndw_wm,,text,"fMRI Types",,,,,,,"[ndw_wm_on] = '1'",,,,,,
ndw_wm_b0_scantype,process_ndw_wm,,text,"B0 Scantypes",,,,,,,"[ndw_wm_on] = '1'",,,,,,
ndw_wm_t1_scantype,process_ndw_wm,,text,"T1 scantypes",,,,,,,"[ndw_wm_on] = '1'",,,,,,
ndw_wm_spm12_path,process_ndw_wm,,text,"SPM path",,,,,,,"[ndw_wm_on] = '1'",,,,,,
nonrigid_reg_to_atlas_on,process_nonrigid_reg_to_atlas,"Process on/off:",yesno,"non-rigid registration to atlas:",,,,,,,,,,,,,
nonrigid_reg_to_atlas_inputs,process_nonrigid_reg_to_atlas,"Process parameters:",descriptive,"Inputs Data: 
*T1/MPRAGE scans specified on XNAT with the scan types ---> format of image/resource on XNAT: NIFTI",,,,,,,,,,,,,
nonrigid_reg_to_atlas_proc_name,process_nonrigid_reg_to_atlas,,text,"Processor Name:",,"Default: nonrigid_reg_to_ATLAS_Processor",,,,,"[nonrigid_reg_to_atlas_on] = '1'",,,,,,
nonrigid_reg_to_atlas_suffix_proc,process_nonrigid_reg_to_atlas,,text,"Processor Suffix:",,,,,,,"[nonrigid_reg_to_atlas_on] = '1'",,,,,,
nonrigid_reg_to_atlas_spider_path,process_nonrigid_reg_to_atlas,,text,"Spider path:",,"Default: masimatlab/trunk/xnatspiders/spiders/Spider_nonrigid_reg_to_ATLAS.py",,,,,"[nonrigid_reg_to_atlas_on] = '1'",,,,,,
nonrigid_reg_to_atlas_version,process_nonrigid_reg_to_atlas,,text,Version:,,"Default: 1.0.0",,,,,"[nonrigid_reg_to_atlas_on] = '1'",,,,,,
nonrigid_reg_to_atlas_walltime,process_nonrigid_reg_to_atlas,,text,Walltime:,,"Default: 01:00:00",,,,,"[nonrigid_reg_to_atlas_on] = '1'",,,,,,
nonrigid_reg_to_atlas_mem_mb,process_nonrigid_reg_to_atlas,,text,Memory:,,"Default: 2048 (mb)",,,,,"[nonrigid_reg_to_atlas_on] = '1'",,,,,,
nonrigid_reg_to_atlas_scan_types,process_nonrigid_reg_to_atlas,,text,"T1/MPRAGE scan type on XNAT:",,"Default: T1,MPRAGE",,,,,"[nonrigid_reg_to_atlas_on] = '1'",,,,,,
nonrigid_reg_to_atlas_ants_path,process_nonrigid_reg_to_atlas,,text,ANTs:,,"Default: /gpfs21/scratch/mcr/ANTs-build ",,,,,"[nonrigid_reg_to_atlas_on] = '1'",,,,,,
nonrigid_reg_to_atlas_nifti_reg_path,process_nonrigid_reg_to_atlas,,text," NiftyReg:",,"Default: /gpfs21/scratch/mcr/NiftyReg/niftyreg_install/ ",,,,,"[nonrigid_reg_to_atlas_on] = '1'",,,,,,
nonrigid_reg_to_atlas_atlas_path,process_nonrigid_reg_to_atlas,,text,"Atlas: ",,"Default: /gpfs21/scratch/mcr/nonrigid_atlases/ ",,,,,"[nonrigid_reg_to_atlas_on] = '1'",,,,,,
on_ct_segmentation_on,process_on_ct_segmentation,"Process on/off:",yesno,"Optic Nerve CT Segmentation:",,,,,,,,,,,,,
on_ct_segmentation_inputs,process_on_ct_segmentation,"Process parameters:",descriptive,"Inputs Data: 
*scans specified on XNAT with the scan types ---> format of image/resource on XNAT: NIFTI",,,,,,,,,,,,,
on_ct_segmentation_proc_name,process_on_ct_segmentation,,text,"Processor Name:",,"Default: ON_CT_segmentation_Processor",,,,,"[on_ct_segmentation_on] = '1'",,,,,,
on_ct_segmentation_suffix_proc,process_on_ct_segmentation,,text,"Processor Suffix:",,,,,,,"[on_ct_segmentation_on] = '1'",,,,,,
on_ct_segmentation_spider_path,process_on_ct_segmentation,,text,"Spider Path: ",,"Default: masimatlab/trunk/xnatspiders/spiders/Spider_ON_CT_segmentation.py",,,,,"[on_ct_segmentation_on] = '1'",,,,,,
on_ct_segmentation_version,process_on_ct_segmentation,,text,"Version: ",,"Default: 1.0.0",,,,,"[on_ct_segmentation_on] = '1'",,,,,,
on_ct_segmentation_walltime,process_on_ct_segmentation,,text,"Walltime: ",,"Default: 62:00:00",,,,,"[on_ct_segmentation_on] = '1'",,,,,,
on_ct_segmentation_mem_mb,process_on_ct_segmentation,,text,"Memory: ",,"Default: 8192 (mb)",,,,,"[on_ct_segmentation_on] = '1'",,,,,,
on_ct_segmentation_scan_types,process_on_ct_segmentation,,text,"T2 Scan Types on XNAT: ",,"Default: T2,t2",,,,,"[on_ct_segmentation_on] = '1'",,,,,,
on_ct_segmentation_atlas,process_on_ct_segmentation,,text,Atlas:,,"Default: /scratch/mcr/CTONS_atlas",,,,,"[on_ct_segmentation_on] = '1'",,,,,,
on_ct_segmentation_ants,process_on_ct_segmentation,,text,ANTS:,,"Default: /scratch/mcr/ANTs-build/bin/",,,,,"[on_ct_segmentation_on] = '1'",,,,,,
on_ct_segmentation_masi_fusion,process_on_ct_segmentation,,text,Masi-fusion:,,"Default: /scratch/mcr/full-multi-atlas/masi-fusion/src",,,,,"[on_ct_segmentation_on] = '1'",,,,,,
on_ct_segmentation_mipav,process_on_ct_segmentation,,text,MIPAV:,,"Default: /gpfs21/scratch/mcr/full-multi-atlas/mipav-current/",,,,,"[on_ct_segmentation_on] = '1'",,,,,,
on_ct_segmentation_niireg,process_on_ct_segmentation,,text,NiftyReg:,,"Default: /scratch/mcr/NiftyReg/niftyreg_install/bin/",,,,,"[on_ct_segmentation_on] = '1'",,,,,,
on_mr_segmentation_on,process_on_mr_segmentation,"Process on/off:",yesno,"Optic Nerve MR Segmentation:",,,,,,,,,,,,,
on_mr_segmentation_inputs,process_on_mr_segmentation,"Process parameters:",descriptive,"Inputs Data: 
*scans specified on XNAT with the scan types ---> format of image/resource on XNAT: NIFTI",,,,,,,,,,,,,
on_mr_segmentation_proc_name,process_on_mr_segmentation,,text,"Processor Name:",,"Default: ON_MR_segmentation_Processor",,,,,"[on_mr_segmentation_on] = '1'",,,,,,
on_mr_segmentation_suffix_proc,process_on_mr_segmentation,,text,"Processor Suffix:",,,,,,,"[on_mr_segmentation_on] = '1'",,,,,,
on_mr_segmentation_spider_path,process_on_mr_segmentation,,text,"Spider Path: ",,"Default: masimatlab/trunk/xnatspiders/spiders/Spider_ON_MR_segmentation.py",,,,,"[on_mr_segmentation_on] = '1'",,,,,,
on_mr_segmentation_version,process_on_mr_segmentation,,text,"Version: ",,"Default: 1.0.0",,,,,"[on_mr_segmentation_on] = '1'",,,,,,
on_mr_segmentation_walltime,process_on_mr_segmentation,,text,"Walltime: ",,"Default: 48:00:00",,,,,"[on_mr_segmentation_on] = '1'",,,,,,
on_mr_segmentation_mem_mb,process_on_mr_segmentation,,text,"Memory: ",,"Default: 8192 (mb)",,,,,"[on_mr_segmentation_on] = '1'",,,,,,
on_mr_segmentation_scan_types,process_on_mr_segmentation,,text,"Scan Types on XNAT: ",,"Default: T2,t2",,,,,"[on_mr_segmentation_on] = '1'",,,,,,
on_mr_segmentation_atlas,process_on_mr_segmentation,,text,Atlas:,,"Default: /scratch/mr/MRONS_atlas",,,,,"[on_mr_segmentation_on] = '1'",,,,,,
on_mr_segmentation_ants,process_on_mr_segmentation,,text,ANTS:,,"Default: /scratch/mcr/ANTs-build/bin/",,,,,"[on_mr_segmentation_on] = '1'",,,,,,
on_mr_segmentation_masi_fusion,process_on_mr_segmentation,,text,Masi-fusion:,,"Default: /scratch/mcr/full-multi-atlas/masi-fusion/src",,,,,"[on_mr_segmentation_on] = '1'",,,,,,
on_mr_segmentation_mipav,process_on_mr_segmentation,,text,MIPAV:,,"Default: /gpfs21/scratch/mcr/full-multi-atlas/mipav-current/",,,,,"[on_mr_segmentation_on] = '1'",,,,,,
on_mr_sheath_segmentation_on,process_on_mr_sheath_segmentation,"Process on/off:",yesno,"Optic Nerve MR Sheath Segmentation:",,,,,,,,,,,,,
on_mr_sheath_segmentation_inputs,process_on_mr_sheath_segmentation,"Process parameters:",descriptive,"Inputs Data: 
*scans specified on XNAT with the scan types ---> format of image/resource on XNAT: NIFTI",,,,,,,,,,,,,
on_mr_sheath_segmentation_proc_name,process_on_mr_sheath_segmentation,,text,"Processor Name:",,"Default: ON_MR_sheath_segmentation_Processor",,,,,"[on_mr_sheath_segmentation_on] = '1'",,,,,,
on_mr_sheath_segmentation_suffix_proc,process_on_mr_sheath_segmentation,,text,"Processor Suffix:",,,,,,,"[on_mr_sheath_segmentation_on] = '1'",,,,,,
on_mr_sheath_segmentation_spider_path,process_on_mr_sheath_segmentation,,text,"Spider path:",,"Default: masimatlab/trunk/xnatspiders/spiders/Spider_ON_MR_sheath_segmentation.py",,"Default: masimatlab/trunk/xnatspiders/spiders Spider_ON_MR_sheath_segmentation.py",,,"[on_mr_sheath_segmentation_on] = '1'",,,,,,
on_mr_sheath_segmentation_version,process_on_mr_sheath_segmentation,,text,"Version: ",,"Default: 1.0.0",,,,,"[on_mr_sheath_segmentation_on] = '1'",,,,,,
on_mr_sheath_segmentation_walltime,process_on_mr_sheath_segmentation,,text,"Walltime: ",,"Default: 04:00:00",,,,,"[on_mr_sheath_segmentation_on] = '1'",,,,,,
on_mr_sheath_segmentation_mem_mb,process_on_mr_sheath_segmentation,,text,"Memory: ",,"Default: 8192 (mb)",,,,,"[on_mr_sheath_segmentation_on] = '1'",,,,,,
on_mr_sheath_segmentation_scan_types,process_on_mr_sheath_segmentation,,text,"Scan Types on XNAT: ",,"Default: T2,t2",,,,,"[on_mr_sheath_segmentation_on] = '1'",,,,,,
on_mr_sheath_segmentation_on_mr_seg_types,process_on_mr_sheath_segmentation,,text,"ON MR Segmentation Proctypes:",,"Default: ON_MR_segmentation_vDEV1",,,,,"[on_mr_sheath_segmentation_on] = '1'",,,,,,
on_mr_sheath_segmentation_ants,process_on_mr_sheath_segmentation,,text,ANTS:,,"Default: /scratch/mcr/ANTs-build/bin/",,,,,"[on_mr_sheath_segmentation_on] = '1'",,,,,,
on_mr_sheath_segmentation_treefile,process_on_mr_sheath_segmentation,,text,"Tree file:",,"Default: /scratch/mcr/ON_sheath_trees/predictiveTreesv5.mat",,,,,"[on_mr_sheath_segmentation_on] = '1'",,,,,,
probtrackx_on,process_probtrackx,"Process on/off:",yesno,Probtrackx:,,,,,,,,,,,,,
probtrackx_inputs,process_probtrackx,"Process parameters:",descriptive,"Inputs Data: 
* dti images with the dti scan types ---> format of image/resource on XNAT: NIFTI
* FreeSurfer outputs --> brain.mgz and aparc+aseg.mgz files
* Fa map from dtiQA with the dtiQA types --> fa.nii.gz 
* Bedpost outputs --> merged_f / merged_ph / merged_th / nodif_brain_mask",,,,,,,,,,,,,
probtrackx_proc_name,process_probtrackx,,text,"Processor name:",,"Default: probtrackx_Processor",,,,,"[probtrackx_on] = '1'",,,,,,
probtrackx_suffix_proc,process_probtrackx,,text,"Processor Suffix:",,,,,,,"[probtrackx_on] = '1'",,,,,,
probtrackx_spider_path,process_probtrackx,,text,"Spider path:",,"Default: masimatlab/trunk/xnatspiders/spiders/Spider_Probtrackx2_v1.0.0.py",,,,,"[probtrackx_on] = '1'",,,,,,
probtrackx_version,process_probtrackx,,text,Version:,,"Default: 1.0.0",,,,,"[probtrackx_on] = '1'",,,,,,
probtrackx_walltime,process_probtrackx,,text,Walltime:,,"Default: 100:00:00",,,,,"[probtrackx_on] = '1'",,,,,,
probtrackx_mem_mb,process_probtrackx,,text,Memory:,,"Default: 8000",,,,,"[probtrackx_on] = '1'",,,,,,
probtrackx_scan_types,process_probtrackx,,text,"DTI Scan types:",,"Default: dti,DTI,diff,DIFF,hardi,HARDI",,,,,"[probtrackx_on] = '1'",,,,,,
probtrackx_dtiqa_types,process_probtrackx,,text,"dtiQA proctypes:",,"Default: dtiQA_v3",,,,,"[probtrackx_on] = '1'",,,,,,
probtrackx_bedpost_types,process_probtrackx,,text,"Bedpost proctypes:",,"Default: Bedpost_v1",,,,,"[probtrackx_on] = '1'",,,,,,
probtrackx_spm,process_probtrackx,,text,Spm:,,"Default: /gpfs21/scratch/mcr/spm8",,,,,"[probtrackx_on] = '1'",,,,,,
probtrackx_fsl,process_probtrackx,,text,Fsl:,,"Default: /scratch/mcr/fsl5/",,,,,"[probtrackx_on] = '1'",,,,,,
probtrackx_mriconvert,process_probtrackx,,text,"mriconvert path:",,"Default: /scratch/mcr/freesurfer/bin/mri_convert",,,,,"[probtrackx_on] = '1'",,,,,,
scfusion_on,process_scfusion,"Process on/off:",yesno,SCFusion:,,,,,,,,,,,,,
scfusion_inputs,process_scfusion,"Process parameters:",descriptive,"Inputs Data: 
*Spinal Cord scans specified on XNAT with the scan types ---> format of image/resource on XNAT: NIFTI",,,,,,,,,,,,,
scfusion_proc_name,process_scfusion,,text,"Processor name:",,"Default: SCFusion_Processor",,,,,"[scfusion_on] = '1'",,,,,,
scfusion_suffix_proc,process_scfusion,,text,"Processor Suffix:",,,,,,,"[scfusion_on] = '1'",,,,,,
scfusion_spider_path,process_scfusion,,text,"Spider path:",,"Default: masimatlab/trunk/xnatspiders/spiders/Spider_SCFusion_v1.0.0.py",,,,,"[scfusion_on] = '1'",,,,,,
scfusion_version,process_scfusion,,text,Version:,,"Default: 1.0.0",,,,,"[scfusion_on] = '1'",,,,,,
scfusion_walltime,process_scfusion,,text,Walltime:,,"Default: 10:00:00",,,,,"[scfusion_on] = '1'",,,,,,
scfusion_mem_mb,process_scfusion,,text,Memory:,,"Default: 2048",,,,,"[scfusion_on] = '1'",,,,,,
scfusion_scan_types,process_scfusion,,text,"Spinal Cord scan type on XNAT:",,"Default: T2,T2*FFE",,,,,"[scfusion_on] = '1'",,,,,,
scfusion_masifusion,process_scfusion,,text,Masi-fusion:,,"Default: /scratch/mcr/full-multi-atlas/masi-fusion/src/",,,,,"[scfusion_on] = '1'",,,,,,
scfusion_atlasdir,process_scfusion,,text,Atlas:,,"Default: /scratch/mcr/SCFusion_atlas/",,,,,"[scfusion_on] = '1'",,,,,,
scfusion_mipav,process_scfusion,,text,MIPAV:,,"Default: /scratch/mcr/full-multi-atlas/mipav",,,,,"[scfusion_on] = '1'",,,,,,
scfusion_model,process_scfusion,,text,Model:,,"Default: masimatlab/trunk/xnatspiders/matlab/SCFusion/full-model.mat",,,,,"[scfusion_on] = '1'",,,,,,
scfusion_xref,process_scfusion,,text,Xref:,,"Default: 0.46",,,,,"[scfusion_on] = '1'",,,,,,
scfusion_yref,process_scfusion,,text,Yref:,,"Default: 0.25",,,,,"[scfusion_on] = '1'",,,,,,
seeley_fmri_preproc_on,process_seeley_fmri_preproc,"Process on/off:",yesno,"Seeley fMRI Preproc:",,,,,,,,,,,,,
seeley_fmri_preproc_inputs,process_seeley_fmri_preproc,"Process parameters:",descriptive,"Inputs Data: 
*fMRI scan specified on XNAT with the scan types ---> format of image/resource on XNAT: NIFTI
*T1 scan specified on XNAT with the t1 types ---> format of image/resource on XNAT: NIFTI",,,,,,,"[seeley_fmri_preproc_on] = '1'",,,,,,
seeley_fmri_preproc_proc_name,process_seeley_fmri_preproc,,text,"Processor Name: ",,"Default: seeley_fmri_preproc_Processor",,,,,"[seeley_fmri_preproc_on] = '1'",,,,,,
seeley_fmri_preproc_suffix_proc,process_seeley_fmri_preproc,,text,"Processor Suffix:",,,,,,,"[seeley_fmri_preproc_on] = '1'",,,,,,
seeley_fmri_preproc_spider_path,process_seeley_fmri_preproc,,text,"Spider path: ",,"Default: masimatlab/trunk/xnatspiders/spiders/Spider_Seeleyfmripreproc_v1.0.0.py",,,,,"[seeley_fmri_preproc_on] = '1'",,,,,,
seeley_fmri_preproc_version,process_seeley_fmri_preproc,,text,"Version: ",,"Default: 1.0.0",,,,,"[seeley_fmri_preproc_on] = '1'",,,,,,
seeley_fmri_preproc_walltime,process_seeley_fmri_preproc,,text,"Walltime: ",,"Default: 02:00:00",,,,,"[seeley_fmri_preproc_on] = '1'",,,,,,
seeley_fmri_preproc_mem_mb,process_seeley_fmri_preproc,,text,"Memory: ",,"Default: 3000mb",,,,,"[seeley_fmri_preproc_on] = '1'",,,,,,
seeley_fmri_preproc_scan_types,process_seeley_fmri_preproc,,text,"fMRI Scan types on XNAT:",,"Default: fMRI,REST",,,,,"[seeley_fmri_preproc_on] = '1'",,,,,,
seeley_fmri_preproc_t1_types,process_seeley_fmri_preproc,,text,"T1 scan types on XNAT:",,"Default: T1,MPRAGE",,,,,"[seeley_fmri_preproc_on] = '1'",,,,,,
seeley_fmri_preproc_fsl,process_seeley_fmri_preproc,,text,"FSL: ",,"Default: /scratch/mcr/fsl5/",,,,,"[seeley_fmri_preproc_on] = '1'",,,,,,
seeley_fmri_preproc_spm,process_seeley_fmri_preproc,,text,"SPM: ",,"Default: /scratch/mcr/spm12",,,,,"[seeley_fmri_preproc_on] = '1'",,,,,,
spleen_local_on,process_spleen_local,,yesno,"Spleen local on",,,,,,,,,,,,,
spleen_local_proc_name,process_spleen_local,,text,"Processor Name",,"Default: Spleen_Localized_Processor",,,,,"[spleen_local_on] = '1'",,,,,,
spleen_local_spider_path,process_spleen_local,,text,"Spider path",,,,,,,"[spleen_local_on] = '1'",,,,,,
spleen_local_masimatlab,process_spleen_local,,text,"masimatlab path",,,,,,,"[spleen_local_on] = '1'",,,,,,
spleen_local_version,process_spleen_local,,text,version,,,,,,,"[spleen_local_on] = '1'",,,,,,
spleen_local_walltime,process_spleen_local,,text,walltime,,,,,,,"[spleen_local_on] = '1'",,,,,,
spleen_local_mem_mb,process_spleen_local,,text,"memory in mb",,,,,,,"[spleen_local_on] = '1'",,,,,,
spleen_local_scan_types,process_spleen_local,,text,"Scan Types on XNAT: ",,,,,,,"[spleen_local_on] = '1'",,,,,,
spleen_local_atlasraw,process_spleen_local,,text,"Raw atlas scan data path",,,,,,,"[spleen_local_on] = '1'",,,,,,
spleen_local_atlaslabel,process_spleen_local,,text,"Labeled atlas scan data path",,,,,,,"[spleen_local_on] = '1'",,,,,,
spleen_local_fslorient,process_spleen_local,,text,"full path to fslorient",,,,,,,"[spleen_local_on] = '1'",,,,,,
spleen_local_niftyreg,process_spleen_local,,text,"full path to niftyreg",,,,,,,"[spleen_local_on] = '1'",,,,,,
spleen_local_jointfusion,process_spleen_local,,text,"full path to jointfusion",,,,,,,"[spleen_local_on] = '1'",,,,,,
spleen_local_irtkresample,process_spleen_local,,text,"full path to irtkresample",,,,,,,"[spleen_local_on] = '1'",,,,,,
spleen_local_gmm,process_spleen_local,,text,"full path to gmm_igvp.mat in masimatlab",,,,,,,"[spleen_local_on] = '1'",,,,,,
spleen_local_rf,process_spleen_local,,text,"full path to random forest folder",,,,,,,"[spleen_local_on] = '1'",,,,,,
spleen_local_suffix_proc,process_spleen_local,,text,"Processor suffix",,,,,,,"[spleen_local_on] = '1'",,,,,,
tbss_pre_on,process_tbss_pre,"Process on/off:",yesno,"TBSS Preprocess:",,,,,,,,,,,,,
tbss_pre_inputs,process_tbss_pre,"Process parameters:",descriptive,"Inputs Data: 
*dtiQA type assessor with QA status set to Passed with the resource on XNAT: TGZ",,,,,,,,,,,,,
tbss_pre_proc_name,process_tbss_pre,,text,"Processor Name:",,"Default: TbssPre_Processor",,,,,"[tbss_pre_on] = '1'",,,,,,
tbss_pre_suffix_proc,process_tbss_pre,,text,"Processor Suffix:",,,,,,,"[tbss_pre_on] = '1'",,,,,,
tbss_pre_spider_path,process_tbss_pre,,text,"Spider path:",,"Default: masimatlab/trunk/xnatspiders/spiders/Spider_TBSS_pre.py",,,,,"[tbss_pre_on] = '1'",,,,,,
tbss_pre_version,process_tbss_pre,,text,Version:,,"Default: 1.0.0",,,,,"[tbss_pre_on] = '1'",,,,,,
tbss_pre_walltime,process_tbss_pre,,text,Walltime:,,"Default: 01:00:00",,,,,"[tbss_pre_on] = '1'",,,,,,
tbss_pre_mem_mb,process_tbss_pre,,text,Memory:,,"Default: 2048 (mb)",,,,,"[tbss_pre_on] = '1'",,,,,,
tbss_pre_dti_types,process_tbss_pre,,text,"dti scan types (need to be the same than dtiQA):",,"Default: dti,DTI,DIF,dif ",,,,,"[tbss_pre_on] = '1'",,,,,,
tbss_pre_dtiqa_type,process_tbss_pre,,text,"dtiQA Types on XNAT:",,"E.G: dtiQA_v2,dtiQA_v3",,,,,"[tbss_pre_on] = '1'",,,,,,
tracula_on,process_tracula,"Process on/off:",yesno,Tracula:,,,,,,,,,,,,,
tracula_inputs,process_tracula,"Process parameters:",descriptive,"Inputs Data: 
*only one DTI scan specified on XNAT with the scan types ---> format of image/resource on XNAT: NIFTI
*FreeSurfer assessor with QA status set to Passed",,,,,,,,,,,,,
tracula_proc_name,process_tracula,,text,"Processor Name:",,"Default: Tracula_Processor",,,,,"[tracula_on] = '1'",,,,,,
tracula_suffix_proc,process_tracula,,text,"Processor Suffix:",,,,,,,"[tracula_on] = '1'",,,,,,
tracula_spider_path,process_tracula,,text,"Spider path:",,"Default: masimatlab/trunk/xnatspiders/spiders/Spider_TRACULA_v1.0.2.py",,,,,"[tracula_on] = '1'",,,,,,
tracula_version,process_tracula,,text,Version:,,"Default: 1.0.2",,,,,"[tracula_on] = '1'",,,,,,
tracula_walltime,process_tracula,,text,Walltime:,,"Default: 72:00:00",,,,,"[tracula_on] = '1'",,,,,,
tracula_mem_mb,process_tracula,,text,Memory:,,"Default: 8192 (mb)",,,,,"[tracula_on] = '1'",,,,,,
tracula_t1_types,process_tracula,,text,"T1 scan types (need to be the same than FS):",,"Default: T1,MPRAGE",,,,,"[tracula_on] = '1'",,,,,,
tracula_dti_scan_types,process_tracula,,text,"DTI scan types on XNAT:",,"Default: dti,DTI,DIF,dif ",,,,,"[tracula_on] = '1'",,,,,,
tracula_fs_path,process_tracula,,text,"FreeSurfer home path:",,"Default: /scratch/mcr/freesurfer ",,,,,"[tracula_on] = '1'",,,,,,
tracula_fsl_path,process_tracula,,text,FSL:,,"Default: /scratch/mcr/fsl5 ",,,,,"[tracula_on] = '1'",,,,,,
vbmqa_on,process_vbmqa,"Process on/off:",yesno,VBMQA:,,,,,,,,,,,,,
vbmqa_inputs,process_vbmqa,"Process parameters:",descriptive,"Inputs Data: 
*T1/MPRAGE scans specified on XNAT with the scan types ---> format of image/resource on XNAT: NIFTI",,,,,,,,,,,,,
vbmqa_proc_name,process_vbmqa,,text,"Processor Name:",,"Default: VbmQa_Processor",,,,,"[vbmqa_on] = '1'",,,,,,
vbmqa_suffix_proc,process_vbmqa,,text,"Processor Suffix:",,,,,,,"[vbmqa_on] = '1'",,,,,,
vbmqa_spider_path,process_vbmqa,,text,"Spider path:",,"Default: masimatlab/trunk/xnatspiders/spiders/Spider_VBMQA.py",,,,,"[vbmqa_on] = '1'",,,,,,
vbmqa_version,process_vbmqa,,text,Version:,,"Default: 1.0.0",,,,,"[vbmqa_on] = '1'",,,,,,
vbmqa_walltime,process_vbmqa,,text,Walltime:,,"Default: 01:00:00",,,,,"[vbmqa_on] = '1'",,,,,,
vbmqa_mem_mb,process_vbmqa,,text,Memory:,,"Default: 2048 (mb)",,,,,"[vbmqa_on] = '1'",,,,,,
vbmqa_scan_types,process_vbmqa,,text,"T1/MPRAGE scan types on XNAT:",,"Default: T1,MPRAGE",,,,,"[vbmqa_on] = '1'",,,,,,
vbmqa_spm_path,process_vbmqa,,text,SPM:,,"Default: /gpfs21/scratch/mcr/spm8",,,,,"[vbmqa_on] = '1'",,,,,,
white_matter_stamper_on,process_white_matter_stamper,"Process on/off:
",yesno,"White Matter Stamper:",,,,,,,,,,,,,
white_matter_stamper_inputs,process_white_matter_stamper,"Process parameters:",descriptive,"Inputs Data: 
*DTI/T1 scans specified on XNAT with the scan types ---> format of image/resource on XNAT: NIFTI
*Multi_Atlas and dtiQA assessor with QA status set to Passed with an output/resource on XNAT: FA for dtiQA and SEG for Multi_Atlas",,,,,,,,,,,,,
white_matter_stamper_proc_name,process_white_matter_stamper,,text,"Processor Name:",,"Default: White_Matter_Stamper_Processor",,,,,"[white_matter_stamper_on] = '1'",,,,,,
white_matter_stamper_suffix_proc,process_white_matter_stamper,,text,"Processor Suffix:",,,,,,,"[white_matter_stamper_on] = '1'",,,,,,
white_matter_stamper_spider_path,process_white_matter_stamper,,text,"Spider path:",,"Default: masimatlab/trunk/xnatspiders/spiders/Spider_White_Matter_Stamper.py",,,,,"[white_matter_stamper_on] = '1'",,,,,,
white_matter_stamper_version,process_white_matter_stamper,,text,Version:,,"Default: 1.0.0",,,,,"[white_matter_stamper_on] = '1'",,,,,,
white_matter_stamper_walltime,process_white_matter_stamper,,text,Walltime:,,"Default: 10:00:00",,,,,"[white_matter_stamper_on] = '1'",,,,,,
white_matter_stamper_mem_mb,process_white_matter_stamper,,text,Memory:,,"Default: 4096 (mb)",,,,,"[white_matter_stamper_on] = '1'",,,,,,
white_matter_stamper_dtiqa_list,process_white_matter_stamper,,text,"dtiQA types on XNAT:",,"Default: dtiQA_v2",,,,,"[white_matter_stamper_on] = '1'",,,,,,
white_matter_stamper_dti_types,process_white_matter_stamper,,text,"DTI Scan types on XNAT:",,"Default: dti,DTI",,,,,"[white_matter_stamper_on] = '1'",,,,,,
white_matter_stamper_t1_types,process_white_matter_stamper,,text,"T1 scan types on XNAT:",,"Default: T1,MPRAGE",,,,,"[white_matter_stamper_on] = '1'",,,,,,
white_matter_stamper_antsbin,process_white_matter_stamper,,text,ANTs:,,"Default: /scratch/mcr/ANTs-build/bin/",,,,,"[white_matter_stamper_on] = '1'",,,,,,
white_matter_stamper_regaladin,process_white_matter_stamper,,text,Regaladin:,,"Default: /scratch/mcr/NiftyReg/niftyreg_build/reg-apps/reg_aladin",,,,,"[white_matter_stamper_on] = '1'",,,,,,
white_matter_stamper_wm_t1,process_white_matter_stamper,,text,"T1 atlas:",,"Default: /scratch/mcr/JHU_Eve_Atlas/JHU_T1.nii.gz",,,,,"[white_matter_stamper_on] = '1'",,,,,,
white_matter_stamper_wm_fa,process_white_matter_stamper,,text,"FA atlas:",,"Default: /scratch/mcr/JHU_Eve_Atlas/JHU_FA.nii.gz",,,,,"[white_matter_stamper_on] = '1'",,,,,,
white_matter_stamper_wm_labels,process_white_matter_stamper,,text,"Labels atlas:",,"Default: /scratch/mcr/JHU_Eve_Atlas/WMPM.nii.gz",,,,,"[white_matter_stamper_on] = '1'",,,,,,
white_matter_stamper_wm_names,process_white_matter_stamper,,text,"White Matter Names atlas:",,"Default: /scratch/mcr/JHU_Eve_Atlas/JhuMniSSEvePMV1.0LabelLookupTable.txt",,,,,"[white_matter_stamper_on] = '1'",,,,,,
